{
    "submenu": [{
            "imageurl": "http://www.mcdonaldsindia.net/images/large/McAloo-Tikki.png",
            "price": 10,
            "seller": "Nirvana",
            "rating": 0,
            "quantity": 160
        },
        {
            "imageurl": "http://sunnoodle.com/wp-content/uploads/2017/06/SN_Homepage_Noodle-1.png",
            "price": 10,
            "seller": "Sahaya",
            "rating": 0,
            "quantity": 120
        },
        {
            "imageurl": "https://www.cicis.com/media/1137/pizza_trad_alfredo.png",
            "price": 40,
            "seller": "Nirwana",
            "rating": 0,
            "quantity": 80
        },
        {
            "imageurl": "https://i.stack.imgur.com/STEuc.png",
            "price": 20,
            "seller": "Sahaya",
            "rating": 0,
            "quantity": 90
        },
        {
            "imageurl": "https://storage.googleapis.com/zopnow-static/images/products/320/mccain-chilli-garlic-potato-bites-v-200-g-4.png",
            "price": 30,
            "seller": "Sahaya",
            "rating": 0,
            "quantity": 100
        }
    ]
}