{
    "submenu": [{
            "imageurl": "http://www.leanitup.com/wp-content/uploads/2012/10/Banana.png",
            "price": 5,
            "seller": "Sahaya",
            "rating": 0,
            "quantity": 150
        },
        {
            "imageurl": "http://dabur.com/realfruitpower/ContentImage/ContentImage7-8-2014873623971.png",
            "price": 10,
            "seller": "Kiryana",
            "rating": 0,
            "quantity": 130
        },
        {
            "imageurl": "http://static.wixstatic.com/media/a0839a_3286039bd2b041008237ab8b40ea2a67.png/v1/fill/w_315,h_273,al_c,usm_0.66_1.00_0.01/a0839a_3286039bd2b041008237ab8b40ea2a67.png",
            "price": 7,
            "seller": "Kirwana",
            "rating": 0,
            "quantity": 115
        },
        {
            "imageurl": "http://www.benzlerfarms.com/uploads/2/0/2/8/20280721/822393_orig.png",
            "price": 10,
            "seller": "Sahaya",
            "rating": 0,
            "quantity": 150
        },
        {
            "imageurl": "http://www.freepngimg.com/download/guava/5-2-guava-png-hd.png",
            "price": 7.5,
            "seller": "Nirvana",
            "rating": 0,
            "quantity": 160
        }
    ]
}