{
    "username": [{
            "firstname": "Rajesh",
            "lastname": "Kumar",
            "username": "Rajesh23",
            "address": "A/23 Noida",
            "password": "rajesh123"
        },
        {
            "firstname": "Komal",
            "lastname": "Bansal",
            "username": "Komal123",
            "address": "B/34 Shalimar Bagh",
            "password": "komal123"
        },
        {
            "firstname": "Anjali",
            "lastname": "Aggrawal",
            "username": "Anjali34",
            "address": "AB-24 Gurgaon",
            "password": "anjali1234"
        },
        {
            "firstname": "Vijay",
            "lastname": "Mittal",
            "username": "Vijay_1998",
            "address": "C-4 Rohini",
            "password": "vijay1998"
        },
        {
            "firstname": "Ajay",
            "lastname": "Jain",
            "username": "Ajay190",
            "address": "AP/23 Janakpuri",
            "password": "ajay@190"
        }
    ]
}