{
    "submenu": [{
            "imageurl": "https://res.cloudinary.com/hellofresh/image/upload/dpr_auto,f_auto,fl_lossy,q_80,w_640/v1/hellofresh_s3/image/5554305d4dab7106578b456e.png",
            "price": 15,
            "seller": "Sahaya",
            "rating": 0,
            "quantity": 50
        },
        {
            "imageurl": "http://primer.com.ph/tips-guides/wp-content/uploads/sites/5/2017/07/ampalaya.jpg",
            "price": 9,
            "seller": "Nirvana",
            "rating": 0,
            "quantity": 60
        },
        {
            "imageurl": "https://sciencebob.com/wp-content/uploads/2015/04/tomato_small.png",
            "price": 5,
            "seller": "Kiryana",
            "rating": 0,
            "quantity": 100
        },
        {
            "imageurl": "http://www.aktiva-ks.com/wp-content/uploads/2016/09/Picture10.png",
            "price": 5,
            "seller": "Sahaya",
            "rating": 0,
            "quantity": 120
        },
        {
            "imageurl": "https://rewastore.in/image/thumbnails/18/7e/regular_potato_png-100332-250x250.png",
            "price": 4,
            "seller": "Kirwana",
            "rating": 0,
            "quantity": 115
        }
    ]
}